pinecone,openai,hybrid,auto_merge
0.6598639455232993,0.8231292516505101,0.8265306121724489,0.5510204081168367
0.7632653061224489,0.8224489795918367,0.8224489795918367,0.6285714285714286
0.7850730461667962,0.8472208517106476,0.7714580979350045,0.7609295218670219
0.4281249999999999,0.5302040816326531,0.5097916666666666,0.4739583333333333
0.12422360212035086,0.0868678477123559,0.21823551040170652,0.0920138886019483
0.8615063672844873,0.8827851116100508,0.8826169016050631,0.7444255371432352
