pinecone,openai,hybrid,auto_merge
0.31060606058787876,0.4734848484592803,0.5476190475809523,0.40151515147916667
0.6022727272727272,0.6515151515151515,0.737012987012987,0.642063492063492
0.638031446259184,0.8226580237943875,0.857865997638725,0.7926276104847533
0.5527272727272727,0.5947619047619048,0.5871428571428572,0.5745454545454545
0.09186507918898021,0.03906249993164062,0.16753968223540514,0.1422438665723164
0.8130298348804121,0.9628437270275697,0.9198839074479269,0.8728529641334817
