pinecone,openai,hybrid,auto_merge
0.5616666666254166,0.6983333332809167,0.6499999999459999,0.3866666666328333
0.7933333333333333,0.79,0.8333333333333335,0.6
0.891156462585034,0.8357142857142857,0.8096111111111111,0.6286666666666667
0.07755102040816327,0.04775510204081632,0.0434,0.06559999999999999
0.351351347972973,0.23333333100000003,0.43181817772727277,0.33695651875000004
0.9014221520449425,0.9149477771082833,0.8980246001304749,0.8474385382555689
