,pinecone,openai,hybrid,auto_merge
context_precision,0.6216666666310834,0.7049999999644168,0.61999999995,0.7266666666198333
context_recall,0.7033333333333333,0.82,0.6,0.8
faithfulness,0.7247259832366215,0.8497367216117215,0.6902127675565176,0.8548403263403263
factual_correctness(mode=f1),0.1484,0.0968,0.1752,0.1016
context_entity_recall,0.48541666290798613,0.5459770074042146,0.46481481119598766,0.5829787189014185
answer_relevancy,0.7832464242147664,0.8486666689047059,0.7866513664245065,0.8344282224477617
